1,LGTDGP
2,NPSJN
3,RLFP
4,NDMTP
5,SLFSNSSF
6,DFSSFCRJ
7,ARHPLFMT
8,LFMTP
9,PFLJNBSZ
10,BSZGJN
11,BHSP
12,WGLJNXMZ
13,AJPTTJ
14,AJPTTJ
15,PLJNXMZY
16,DKLKHSP
17,SLFSNHSP
18,FBLFZZSY
19,KFZSYFBL
20,GTPP
21,AJPTTJ
22,PLJNFSYZ
23,AJPTTJ
24,WGLJNFSY
25,LFMTPFSY
26,ARHPFSYZ
27,GTPJN
28,CWJSP
29,MBKPMLXK
30,MLXKP
31,ATMXCRP
32,VLJLXPBX
33,QSXJP
34,LJLXPBXM
35,BXMLP
36,NDYMJZJT
37,SJTLPZSY
38,SJTLPPND
39,NDYMJZJT
40,YSNYTEFW
41,EFWYT
42,JAZSYBBF
43,BBFZSYH
44,YTMZZSY
45,LPTNZSYF
46,QDSNZSY
47,LATZSY
48,HNYFW
49,YFW
50,BBFZSYFS
51,JAZSYFSY
52,QFW
53,KTLXRXRY
54,BBFZSY
55,LMXZSYBB
56,BBFZSYFS
57,LMXZSYFS
58,ATKYSSXS
59,BLZSYXKQ
60,FFLDKYRG
61,LDKYZS
62,LDKYZS
63,FPLDZSY
64,BBKYZS
65,PLKYZS
66,NSHYYY
67,DKY
68,LDKYNJ
69,DKYZSY
70,ABKYDY
71,BNXDYYYS
72,LPKYZS
73,NLPYZSYY
74,LDKYJJ
75,PKXA
76,ADFZPKXA
77,VZSYWKXA
78,AQKA
79,PKXAZSY
80,LHHPDJZS
81,MHJZSY
82,WKSFZWKX
83,WKXA
84,FFLZSZP
85,WSSDZSY
86,WSSAJW
87,WSSADJW
88,YGYJWWSS
89,WSSADDJS
90,YKXDJSWS
91,BXDJNXMZ
92,BTHLBSJN
93,ETWDGJJP
94,DQJJPETW
95,JGAZSY
96,MKBZSYJG
97,WSSBYZSY
98,WSSBLZSY
99,WSSBYP
100,WSSBEP
101,WSSBLP
102,FHWSSBP
103,DTXCNYYJ
104,JGAP
105,MKBPJGA
106,NHRZSYTC
107,MDYDSZSY
108,YQLSLJDB
109,YMLZSYBX
110,GSLNZSYD
111,STNFZSCY
112,FTLFZPLX
113,PLXLNTZB
114,QMSVJP
115,TZXFZPLX
116,PLXLNSZB
117,TBTMZG
118,ASMGHXJY
119,MSLFZETY
120,TBMNN
121,TBMNN
122,MSLFZF
123,FTLFZFSY
124,PLXLNTZB
125,PLXLNSZB
126,TZXFZFSP
127,ALXLN
128,AMXLN
129,FWAMX
130,TBMNN
131,TBMNN
132,FBXLN
133,BXQMS
134,QMSNW
135,TBTDE
136,FDXFZETY
137,LXMSB
138,FKZZSYFS
139,DFKZSYFS
140,WFPFLKZ
141,FLKZP
142,DSSZSY
143,ZMSP
144,AFTKFZLX
145,LXMSBZZT
146,LXMSB
147,AFTKFZFS
148,LXMSBZZT
149,YQKZZSYF
150,SPRNZSYF
151,KBFJ
152,KSSCS
153,LMSPYSTB
154,TBNFP
155,FLKZ
156,WFFLK
157,YDKFSPFK
158,FKZFSP
159,YBP
160,JTSXP
161,WQZSYFKZ
162,VFKZZSY
163,VFKZZSYF
164,WQZSYFKZ
165,SPRNKFYY
166,YQKZKFY
167,LBWLZSY
168,LBWLP
169,DKLAHP
170,JGWAP
171,MLGP
172,AXLWP
173,VZSYAXLW
174,GXLWZSY
175,JFZSYGXL
176,GXLWG
177,LKWFZGXL
178,LKLJNGXL
179,GXLWJN
180,GXLWJ
181,SMWGX
182,XBLKLLBW
183,LBWLKL
184,GXLWJNFS
185,LKLJNFSY
186,GXLW
187,LKWFZFSY
188,GXLWZSYF
189,JFZSYFSY
190,GXLWF
191,GXLWG
192,FXLWP
193,AXLW
194,HLSPYSXB
195,XBJP
196,XBJZSY
197,FNTYP
198,FNZTP
199,RZYY
200,CLSNAR
201,JCRYAR
202,JQAR
203,YSADZS
204,JYSAR
205,TXZZSY
206,VJXZZSY
207,VTXZP
208,JXZP
209,JXZLS
210,JENFZJXZ
211,YLFZ
212,AXZ
213,JXZYY
214,VTXZKQM
215,SNAZSY
216,AXZLHNZS
217,TNJJNTXZ
218,TXZJN
219,JXZSJ
220,VJXZYDPT
221,LKP
222,FLPLSQLK
223,QLKP
224,SQQHSPKP
225,CCQPAB
226,ABDZP
227,FFALBBTZ
228,FFDYXAJF
229,FMMMKFRY
230,TBDKFRYF
231,SLTPFFDY
232,FFDYXAJF
233,MMWMRY
234,HFNRYX
235,DYXAJFP
236,BLTPDYXA
237,SMT
238,QTP
239,KBDPFFAF
240,FFAFPXP
241,ASPLCRP
242,FFASPLP
243,XEFAKMKL
244,FFXBKLXM
245,DYXAJFDJ
246,BFNDJE
247,BFNJJP
248,DYXAJFJJ
249,XEAFHNMK
250,LAPLJ
251,XKTKHSJN
252,FFYSWMHJ
253,SFWMPRPM
254,RYBFNPXM
255,VASPLPTP
256,BMEPTPET
257,FFAFWAPX
258,HFNRYM
259,MMWMRY
260,TNPXMZFM
261,VFMMMPXM
262,ASPLCRPJ
263,CGXBS
264,AMXJNAMX
265,WKFPDW
266,HHSLSNZS
267,WSSCZSY
268,WSSCP
269,WSSEJWGX
270,LDP
271,WSSEJWMG
272,VWSSCP
273,VWSSECKL
274,VDWYSPSC
275,JSEKPDWY
276,DWYSP
277,XSEKJJPX
278,XEWSSJJP
279,VXEWSSJJ
280,SZYS
281,STNFZFSY
282,SZYS
283,MNPFFGCS
284,FFGCSGP
285,LPLNZSY
286,NBLZSYLP
287,LPLNCRP
288,FHFM
289,BKNFH
290,YZHKFY
291,FFDASDJP
292,YSFJNFSY
293,DXLZXDJJ
294,YGCSMZSY
295,MNZSYFFG
296,FFGCSGZS
297,SLFZCSAQ
298,AQTWQ
299,GLXZSYGC
300,GCSEAZSY
301,DXLZXDJZ
302,YSFZSYFS
303,FFGCSGZS
304,MNZSYFSY
305,LPLNCRPF
306,LPLNZSYF
307,NBLZSYFS
308,FFGCSDAZ
309,ETKWP
310,BLDPETKW
311,AQTZSY
312,AQTZSY
313,AQTWQ
314,SLFZFSYZ
315,SZYS
316,SZYS
317,LPLN
318,LPLNF
319,HYXGG
320,HYXGG
321,HSLP
322,GCSEA
323,XJGYRJET
324,BXRJETYB
325,HGP
326,SHCP
327,BSNPSHC
328,FFGCSG
329,FFGCSG
330,BBCJW
331,XQYDSP
332,XQYDSJN
333,YSFJNXQY
334,XTZMPCMX
335,CMXLJYP
336,DASMP
337,RGTKFRY
338,DMKKFRYR
339,JBZ
340,WMSP
341,YMCRJN
342,DMTCRJNY
343,TPLAFZWS
344,WSTD
345,YMCRJNFS
346,DMTCRJNF
347,TPLAFZFS
348,WSTDF
349,ALN
350,DMHGKZSY
351,QYXMHGZS
352,DGXP
353,CZRNLNT
354,XHSCZ
355,MLNZSY
356,LNLKZSYM
357,ADTZSY
358,KDLZSYYS
359,MDASJMZS
360,PLPTZS
361,MTLEP
362,BTLKPJSS
363,MTLEZ
364,MDASJMP
365,PNJPMDAS
366,PLPTP
367,MXLP
368,KDLPYSAD
369,ADTP
370,ATLEP
371,PNLEP
372,WLPMZS
373,WLPMP
374,WXKLWTX
375,ATZLP
376,WLPMHS
377,YBDHSP
378,PNJZSYMD
379,MDASJMZS
380,VJSSMTLE
381,ALLEP
382,AEMEPYSA
383,XSGYZSY
384,CXQZSY
385,XDZSY
386,DXSYSLZH
387,XKPDXSYS
388,XSGYP
389,WSXZP
390,XSYSLZP
391,VAWSNP
392,SMDMP
393,PSDPSMDM
394,XBDPP
395,XTDPXBDP
396,XBDPKSP
397,BXTKSPXB
398,DELZP
399,RKWWW
400,HBSHSJNY
401,DELZHS
402,YMDHSPDX
403,DXSYSLZH
404,HBSFZ
405,DELZ
406,YXHSPXBD
407,XBDPHSPI
408,YXSJN
409,BLWPLSQL
410,QLBGLP
411,BYDHSPFL
412,BPSFJFSY
413,DWP
414,DAJSYSYY
415,FKZZSYJ
416,GNDJDBCZ
417,DFKZSYFK
418,YQKZJN
419,SPRNJNYQ
420,VFKZJN
421,SPRNZSYY
422,YQKZZSY
423,VDWYSPSC
424,VJWTP
425,VLDXJJPW
426,LSXP
427,YGNZSYYJ
428,XXWTF
429,XXWTZSY
430,XXWTZSYF
431,TKMSRG
432,PTBRGTKM
433,MYHTH
434,HTHSY
435,ZXMZP
436,CHPLHGZS
437,XDKZSYCH
438,GNZSYJSS
439,CCRBZ
440,QXSJZSY
441,HLXA
442,STPZSY
443,KMSTZSY
444,DJZSY
445,AHFZASLB
446,ASLB
447,AKLPMFL
448,MFLP
449,TNBGZSYJ
450,WMZSY
451,YHLXA
452,PFPFZYHL
453,HLXAP
454,LSDFZASL
455,ASLBH
456,ASLBF
457,LSDFZFSY
458,AKBKZSYA
459,ASLBZSY
460,ASLBZSYF
461,AKBKZSYF
462,MLLPBXA
463,BXAP
464,FFHLXAP
465,LKRPBDSD
466,DJP
467,BLZSYTNB
468,TNBGZSY
469,LMSTJN
470,CMSTJN
471,AQSJNLSC
472,NDLFZYSN
473,NMST
474,NDLFZFSY
475,NMST
476,FNMDZSY
477,TJFZSY
478,JADL
479,QJNP
480,JADLP
481,QPLP
482,ATBG
483,YTDZSYYS
484,YSSLHNZS
485,ATBGJ
486,SDSFZATB
487,YSSLHNZS
488,YTDZSYFS
489,JADLZSYM
490,MDZSYMGJ
491,ATBGZSYJ
492,SDWZSYAT
493,FNMDZRJ
494,ZRFAZRJF
495,JADLZSYG
496,MDZSYGJA
497,DRBX
498,SLMS
499,RHMS
500,BRBX
501,BRBX
502,FMXFZYSB
503,FXJSD
504,ARBX
505,BLMS
506,PYMS
507,YDBX
508,SWDYS
509,YDBX
510,ANNYS
511,DRBXZZ
512,KLZZTZSY
513,CCXJ
514,GSJSZJZS
515,CCDX
516,ZSCZSY
517,ZFFZYSJX
518,JXTB
519,ZSCZSYJ
520,TSZSYZSC
521,ZSCZSYFS
522,TSZSYFSY
523,ASZSYDXT
524,DXTSZSY
525,TPTK
526,DLSZSY
527,JXTB
528,ZFFZFSYZ
529,TPTK
530,DXTSZSYF
531,ASZSYFSY
532,JXTB
533,JZFZYSJX
534,JXTB
535,JZFZFSYZ
536,NWBZSYCJ
537,BASPLCRP
538,KNJNFMMM
539,FMMMJNXM
540,VMMWMRYX
541,VASPLCRJ
542,BJCRJNAS
543,YMJN
544,QMDHSPYS
545,QMDHSP
546,LTDP
547,LNXKP
548,VKSFPLNX
549,KLQP
550,XLBJNSLX
551,SLXBJN
552,SQPMDZ
553,SLXBJNFS
554,XLBJNFSY
555,TDLHSPYS
556,VYSQMDHS
557,GWJSP
558,XSZSYQXS
559,QMDZSY
560,SLFSNCRP
561,FTLCRPSL
562,LSPLSLFN
563,LSLFNP
564,BLFP
565,BLFHSJN
566,YDMXJN
567,VYDMXCRP
568,YDMXS
569,BPCP
570,NMSLP
571,PWPNMSL
572,YJGSZSY
573,AFGHCP
574,LQPAFGHC
575,LLJNFFAJ
576,FFAJSAHG
577,GEQDPXMZ
578,TSGDPXMZ
579,LGQJWGHS
580,GHSCJW
581,GBPALLSN
582,VALLSNP
583,VYJGSZSY
584,NNKKLTSG
585,TSGKL
586,XLGBJN
587,VYJGSZSY
588,YJGSZSYF
589,YGNZSYFS
590,LQPFSYZA
591,AFGHCPFS
592,GHSCJWFS
593,LGQRJWFS
594,GWDJJP
595,VKSLDJJP
596,XWEPXMZ
597,XJMPXMZ
598,JGGP
599,QGJN
600,GSKKLWTX
601,JELPBJ
602,GYJGSPBJ
603,JELPBJFS
604,GYJGSPBJ
605,SGJN
606,VALLSNPF
607,GBPFSYZA
608,FSMPALLS
609,ALLSNP
610,ALLSNPFS
611,FSMPFSYZ
612,AFDSRJNA
613,AFGHCRJN
614,AFGHCRJN
615,AFDSRJNF
616,SRXWSS
617,CNYYRJTP
618,RNRJCNYY
619,LBYTZSYZ
620,ZFRZSYC
621,SLWTFZSR
622,SRXWSS
623,ZRXWSSZS
624,WTLPTCRZ
625,DZWLYSZS
626,ADMZSYDZ
627,ZFRAJSPT
628,KWZSYMLZ
629,KWZSYMLZ
630,ZFRAJSPT
631,VPDYYJN
632,VZSYSLSB
633,ZFRZSYC
634,YTLPTZSY
635,KWZSY
636,ZFRAJSPT
637,SRXWSS
638,SLWTFZFS
639,DZWLYSZS
640,ADMZSYFS
641,LBYTZSYF
642,ZFRZSYCF
643,ZRXWSSZS
644,WTLPTCRZ
645,ASFJCNYY
646,CNYYFJTP
647,RSRJCNYY
648,CNYYRJTP
649,SRXWSS
650,RGRJCNYY
651,CNYYRJTP
652,RDRJCNYY
653,CNYYRJTP
654,CNYYRJTP
655,RSRJFSYZ
656,CNYYRJFS
657,RNRJFSYZ
658,CNYYFJTP
659,ASFJFSYZ
660,LNZSYZCL
661,ZCLZFRZS
662,ZCLZFRZS
663,LNZSYFSY
664,GLFSZSYG
665,GYLSNZSY
666,ZFRZSYCF
667,YTLPTZSY
668,QMSNW
669,VYSDXHSJ
670,BZXLN
671,LFPDJN
672,SLDAP
673,XXTA
674,RDXFZXXT
675,CZRGRSAB
676,CZRGRSG
677,GMFZFSYZ
678,FFATSPFS
679,KTPFSYZF
680,LRSZSYCZ
681,CZRGRSAA
682,CZRGRSAA
683,LRSZSYFS
684,CZRGRSAA
685,LBZSYCZR
686,PMLSE
687,BNFZFSYZ
688,XXWTZSYF
689,CZRGRSAA
690,LBZSYFSY
691,XXTAF
692,RDXFZFSY
693,XXWT
694,TRQZSY
695,KBDJZSY
696,KMKLZSYK
697,HLKFY
698,FFJYNMJN
699,ASMJNFFJ
700,SSZSYLST
701,DQP
702,ATPP
703,PWXAP
704,DSTPPWXA
705,JYLPAZ
706,JYLPAP
707,DPLTP
708,MDLPDPLT
709,KLPGYSMS
710,MSBLP
711,MWNJNGYS
712,VGYSMSBL
713,QMBTP
714,SLQNPMLS
715,YTBLP
716,WLSPYSYT
717,FTP
718,KSLHGY
719,GYGCJ
720,RSDBP
721,LPDAJN
722,YMTJNYSL
723,WKJNXMZ
724,MTSS
725,SMDSMTS
726,GBYCP
727,FLCWKKL
728,XBQMJN
729,VXBQMJNQ
730,ALSTJN
731,HYXGGGT
732,STSFZHYX
733,JASZSY
734,FMA
735,PQNZZSY
736,PQNZP
737,DXLZXDJJ
738,YSFJNDXL
739,LBSZDW
740,BQYDFS
741,YSFZSYDX
742,DXLZXDJZ
743,FFYGLP
744,LMFDP
745,HPDPLMFD
746,SFJBPJAP
747,FFGCSDAZ
748,GLJN
749,AQTZSY
750,SNZSYCSA
751,GCSEAJN
752,GLXJNGCS
753,AQTZSY
754,SNZSYFSY
755,HYXGGGT
756,STSFZFSY
757,AMLZCRJN
758,QDMSZSY
759,QDMSKL
760,DXHSP
761,HMS
762,JTMS
763,VPHPLHMS
764,LHMSP
765,XMLPLHMS
766,HYHMSP
767,KLMSJN
768,YXLXMSP
769,VAQMSZSY
770,FQXZSYGA
771,XSMGHXJE
772,AQMSGHXJ
773,KLXPKLMS
774,KLMSP
775,LMSZSY
776,MNHSJN
777,MMJNYSMN
778,VAQMSFSP
779,WHPAQMS
780,YXLXMSJN
781,MNHSRG
782,PLARGYKY
783,PQFZGAQM
784,AQMSG
785,VZSYAQMS
786,AQMSZSYG
787,FQXZSYGA
788,YAPNXST
789,TNFZYAPN
790,TKXLNKLW
791,SBTN
792,YAPNXST
793,TNFZFSYZ
794,MPFZMLPN
795,MLPN
796,TKXLNKLW
797,MLPNF
798,MPFZFSYZ
799,ETPN
800,YWZET
801,LKMSZS
802,MFWSLMSA
803,LMSADSCS
804,LMSN
805,QJWG
806,KLMSZS
807,TGSFZETY
808,TKLNE
809,NJSKL
810,AQN
811,QJWGMS
812,WGMS
813,WKXFZYSW
814,WKXFZFSY
815,WGMS
816,KLMSLSZZ
817,TKLNF
818,TGSFZFSY
819,AQNFS
820,KDS
821,FXDSN
822,LSDFX
823,LSDFS
824,FXDSN
825,LNZAZSY
826,SWZSYLNZ
827,LNZAP
828,SWPLNZA
829,HAMDNZSY
830,LDHBDCRP
831,WLFCRPLD
832,FFHAJEZ
833,HAMDYYY
834,LHJYBDP
835,YXS
836,XNXRGXSY
837,XSYRG
838,LDHBDS
839,PDSAHSPM
840,MSLQHSP
841,HAMDXRGJ
842,SEFSMSLQ
843,MSLQS
844,MSLQHSKL
845,ADSHSKLJ
846,VRSHBSXZ
847,XFHZSYRS
848,DWBNJYSH
849,HBSXNJ
850,LFXZSYJH
851,VJHSZYFS
852,YFSX
853,BSPSPSX
854,SPSXP
855,BPSP
856,YFSXP
857,NFSXJN
858,FPSJNNFS
859,HBSXLH
860,CCZSYLSY
861,YTMXZS
862,YKSZSYLS
863,YPMXZS
864,LMSXJN
865,LFXPJHSZ
866,VJHSZYFS
867,FLSXP
868,LFLXZSY
869,JTSXLHNZ
870,FLSXPTTZ
871,KYJN
872,JTSXJN
873,BFLZSYYS
874,MXSXLH
875,ZYFSXZ
876,ZKZSYYSZ
877,YTMXLHN
878,AYZSYLSY
879,MXSXP
880,BFLPYSMX
881,ZYFSXFSP
882,QYFSPYSZ
883,LMS
884,YYJZSY
885,DAJSY
886,LFPJN
887,BQXAP
888,YADCP
889,YYJP
890,DKFJNLFP
891,AMXLGHXJ
892,BBZSYKB
893,SB
894,ELTNP
895,VAMXLJNH
896,ABXLN
897,AMXLNKLW
898,SPSFZETY
899,TBPTNSBT
900,XFMTCFZT
901,TBMZN
902,DSKL
903,DGYP
904,DGKLMJ
905,FJKL
906,FJYP
907,FFYP
908,FFKL
909,GGYP
910,GGKL
911,HQKL
912,HQYP
913,HQYP
914,SQYP
915,HQKL
916,NXYP
917,HNXYP
918,NXKL
919,THFYP
920,HFYP
921,THFKL
922,JGLYP
923,JGYP
924,JGKL
925,KSKL
926,MDYP
927,MDKL
928,NSSYP
929,NSSKL
930,QJYP
931,QJKL
932,HSWKL
933,SHSW
934,SHSWDWSY
935,SHSWDWSY
936,SSSYP
937,SDHKL
938,SDYP
939,TDHYP
940,TZCKL
941,TZSYP
942,TMDYP
943,TDYP
944,TDKL
945,TKZYP
946,WYYP
947,WYKL
948,XYSYP
949,XYSKLV
950,YCHKL
951,YCHYP
952,ZCYP
953,ZCKL
954,KSYP
955,CBSKL
956,CBSYP
957,LDTYP
958,DCTYP
959,HQTYP
960,PJTYP
961,PJKL
962,SDTYP
963,XDTYP
964,CDTYP
965,DYTYP
966,DYTKL
967,SDYP
968,SDHKL
969,CCHYP
970,GSYP
971,ZYZKL
972,BBYP
973,MBBKL
974,QHYP
975,ZHQYP
976,BJTKL
977,BJTYP
978,BJRYP
979,XSKL
980,XSYP
981,YSYP
982,YJYP
983,YJKLZ
984,BFZKL
985,CWYP
986,CWKL
987,CWYP
988,CWKL
989,FPKLFC
990,FZYP
991,FPYP
992,ZFPYP
993,YZYP
994,ZYZYP
995,ZHSWKL
996,ZHSW
997,ZSWYP
998,ZHSWDWSY
999,ZHSWDWSY
1000,MXKL
1001,MXYP
1002,QMXKL
1003,SBZKL
1004,SBZYP
1005,BMGKL
1006,BMGYP
1007,BMYP
1008,FPXFZETY
1009,TBPTNSBT
1010,TBPTN
1011,XFBFZETY
1012,TBQSN
1013,LSFFZETY
1014,TBSWN
1015,TBLD
1016,TBZLN
1017,FJFJNTBL
1018,TBLDJNH
1019,VAQPAMXL
1020,XKLGHXJE
1021,TBKLGHXJ
1022,TBKWJN
1023,SFSJNTBK
1024,TBABP
1025,DLXJNTBF
1026,TBFXZJN
1027,TBLDJN
1028,MSPFZETY
1029,TBBW
1030,VTBBXP
1031,SFJPTBBX
1032,FJFTB
1033,TBLD
1034,LSFFZFSY
1035,TBQSN
1036,FDXFZFSY
1037,TBTD
1038,SPSFZFSY
1039,TBPTNSBT
1040,TBSWN
1041,TBJW
1042,LTMXY
1043,TBLM
1044,TBFXN
1045,XLXFZTBF
1046,TBPTNSBT
1047,MLXLNSBT
1048,FPXFZFSY
1049,TBPTNSBT
1050,TBPTNSBT
1051,TBFXN
1052,DLXFZGTB
1053,TBPAN
1054,TBXTB
1055,TBMDZN
1056,MDXTB
1057,TBFXZPJ
1058,XLXPTBFX
1059,TBZWN
1060,YBSLFZET
1061,TBPTN
1062,XFBFZFSY
1063,TBBW
1064,MSPFZFSY
1065,TBZWN
1066,YBSLFZFS
1067,DLXFZGTB
1068,TBFXN
1069,TBTA
1070,VZSYYSTB
1071,VZSYTBNX
1072,KQGHXJAM
1073,AMXLKLWS
1074,TBPTNTZB
1075,KSTBP
1076,TBDQN
1077,GDTBD
1078,TBTDE
1079,TBTDF
1080,TFMFZAMX
1081,AMXLNSBT
1082,AMXLNSBT
1083,TFMFZFSY
1084,VTBFXZP
1085,MFHSPTBA
1086,TBABHSP
1087,TBQABP
1088,OYPTBQAB
1089,TBBXJN
1090,TBTA
1091,TBNXN
1092,TBMSZSY
1093,CCRBZSY
1094,DXTSZSYJ
1095,TSDZSYDX
1096,DXTSZSYF
1097,TSDZSYFS
1098,ZSCZZT
1099,ZSCZZT
1100,YLTKZS
1101,KPTZSYYS
1102,FFKSZSY
1103,FFKSZSYF
1104,YDZYRZSY
1105,VYDZYKFR
1106,CCDX
1107,XAPZSY
1108,XAPZSYFS
1109,ADLJN
1110,ADLJNFSY
1111,TMFPGYST
1112,TMXFP
1113,FRPLQZ
1114,LQZP
1115,SLPYXMT
1116,YXMTP
1117,YXMTPFSY
1118,SLPFSYZY
1119,LQZPFSYZ
1120,FRPFSYZL
1121,NLDHSZRJ
1122,GSRLHSZR
1123,GSRLHS
1124,NLDHSZRJ
1125,RNDPANQZ
1126,ANQZP
1127,RNDPFSYZ
1128,ANQZPFSY
1129,KSDPBKLA
1130,BKLAP
1131,BKLAPFSY
1132,KSDPFSYZ
1133,TMXFP
1134,LLXFP
1135,YWTPLLXF
1136,QPRL
1137,DFLFZCSQ
1138,QPRL
1139,DFLFZFSY
1140,TRMFP
1141,FLTPGYST
1142,TRMFP
1143,FLTPFSYZ
1144,LBRLWQ
1145,YNTFZCSL
1146,LBRLWQ
1147,YNTFZFSY
1148,SBZSY
1149,VZSYKB
1150,YYSGZSY
1151,TAZSYYYS
1152,ZTZLL
1153,ZLLSJ
1154,YTBGZSY
1155,ZLHSYZ
1156,NKSCZ
1157,KCAMY
1158,KFAMY
1159,KGAMY
1160,VZSYKWAM
1161,MTEK
1162,HEFZYSMT
1163,MDXAM
1164,DKBQ
1165,KRXAM
1166,QJBMSP
1167,AQLQJ
1168,SPLAQ
1169,YYSGP
1170,JLJN
1171,OBZSYYSA
1172,ADSQZS
1173,MSNZSY
1174,MAZSYMSN
1175,KLTZSYFS
1176,MDXAM
1177,WKPTZ
1178,PTZM
1179,XLDPKPTB
1180,KPTBP
1181,ADSQZS
1182,GLSQZS
1183,OBPYSADS
1184,ADSQP
1185,ADSQPF
1186,OBPFSYZA
1187,GLSQZS
1188,ADSQ
1189,AYMFZYSA
1190,ADSQ
1191,AYMFZFSY
1192,OBTZSYYS
1193,TWSQZS
1194,WKRJNYTB
1195,YTBGRJN
1196,QTZDK
1197,HSTQT
1198,WMNJN
1199,TKXXX
1200,JFNTK
1201,KPTBPFSY
1202,XLDPFSYZ
1203,TWSQZS
1204,OBTZSYFS
1205,WMNJNFSY
1206,JFTNP
1207,YRSPJFTN
1208,KLTRJN
1209,KLTRJNFS
1210,ALT
1211,AMFTA
1212,PMQSE
1213,LBTPM
1214,SJFZYSTW
1215,TWSQ
1216,TWSQZS
1217,XBZSYYST
1218,TWSQ
1219,SJFZFSYZ
1220,TWSQZS
1221,XBZSYFSY
1222,CZRXGNPY
1223,EDZSYCZR
1224,XTXDKZSY
1225,VDTYSSJT
1226,TLKPYSEL
1227,ZLLSZSY
1228,TQYTZSYZ
1229,GASZN
1230,SLFNP
1231,DJMPJBHS
1232,CQCKL
1233,ZHDDKL
1234,ZHDDYP
1235,DDYP
1236,FPYP
1237,HXKL
1238,HXYP
1239,HLCYP
1240,MHLKL
1241,JTSJN
1242,JQJTP
1243,KBPPAKBT
1244,AKBTP
1245,GJYDSZ
1246,CXLZSYCZ
1247,WDYPBXML
1248,LGLTP
1249,NNTCJDBS
1250,NHLNZSYT
1251,YRCZRYDS
1252,YMLRZSYC
1253,YMLNZSYJ
1254,YNJDBXCZ
1255,KSPPBXYS
1256,BGLTP
1257,YMLNZSYB
1258,YNXJDBXC
1259,YMLRZSYB
1260,YRXCZRYD
1261,MDYDSZSY
1262,NHRZSYTC
1263,LPYDSZSY
1264,YMLZSYBX
1265,GJYDSZSY
1266,LDSZSYGJ
1267,VGLQTP
1268,DSMJNQBH
1269,QBHSGJN
1270,MDYDSZSY
1271,NHRZSYBX
1272,MDYDSZSY
1273,NHRZSYBX
1274,ZJZXSNP
1275,YJLPZJZX
1276,JZXP
1277,BLYMDPJ
1278,BLYMDP
1279,JQMZP
1280,SZPJQMZ
1281,JQMZPJ
1282,SZCZR
1283,CZRSZ
1284,JYECGRSA
1285,PLXZSY
1286,HBSRJN
1287,TKRJNHBS
1288,YMLPLZPL
1289,LZPLPJ
1290,QMAP
1291,DHKL
1292,DYYP
1293,DYKL
1294,DSYP
1295,JGP
1296,XGDTZSY
1297,XJEFZCZR
1298,CZRBJS
1299,XSDMRJNH
1300,HBSRJNJ
1301,XXJNMTMK
1302,MTMKFZJN
1303,BSXJNWBM
1304,WBMSJN
1305,KRTLBXBT
1306,MZLBP
1307,BLDNPMZL
1308,CZRBJ
1309,JHLCZ
1310,XJEFZFSY
1311,CZRBJS
1312,BLXDK
1313,SLBLX
1314,TKMSJN
1315,PLKFJNTK
1316,MTMKFZFS
1317,SKPFSPFS
1318,TKMSZSY
1319,PLKFZSYT
1320,SDMZSYHB
1321,HBSZSY
1322,MTMKFZJN
1323,XXJNFSYZ
1324,MZLBPFSY
1325,BLDNPFSY
1326,TKMSJNFS
1327,PLKFJNFS
1328,KTACDKZS
1329,SNPZSYKT
1330,WBMSJNFS
1331,BSXJNFSY
1332,CZRBJSEZ
1333,XJEZSYCZ
1334,CZRBJSEZ
1335,XJEZSYFC
1336,KRTXBCD
1337,YXKKFRYX
1338,XLMSKFRY
1339,XLMSKFRY
1340,YXKKFRYF
1341,KRTXBZMY
1342,MTMKFZFS
1343,SKPFSPMT
1344,LTXDKZSY
1345,MLHZSYLT
1346,YEBTCRJN
1347,XJRJCWJN
1348,FFSJNXJR
1349,XXTZSYBX
1350,FFATSP
1351,KTPFFATS
1352,CZRGRSAB
1353,GMFZ
1354,CZRGRSG
1355,XXWTZSYM
1356,PMLSE
1357,BNFZPMLS
1358,YDSZSYCZ
1359,CZRGRSAB
1360,HTHSY
1361,CZRGRSAB
1362,YDSZSYFS
1363,KSAJNXXT
1364,XXTJN
1365,VCZRGRSR
1366,LSLZCRJN
1367,TRKL
1368,VSLSXGEN
1369,SLSXGEN
1370,FMQPETYB
1371,NQLPETYB
1372,SPTZSYBL
1373,BLSNZSY
1374,YTM
1375,VZSYSLSX
1376,QNSLS
1377,YTMFS
1378,YTMZSY
1379,YMTZSYYT
1380,YTMZSYFS
1381,YMTZSYFS
1382,FFAJSZSY
1383,FFAJSZSY
1384,FFAJSZSY
1385,FFAJSZSY
1386,FFAJSZSY
1387,LFMZSYFF
1388,LFMZSYFS
1389,FFAJSZSY
1390,FFAJSZSY
1391,FFAJSZSY
1392,FFAJSDDS
1393,FFAJSDDS
1394,JPNLH
1395,JQLFZMGJ
1396,QHKDS
1397,PNSLZS
1398,QHKDSZSY
1399,DSMSLSNZ
1400,DSMSP
1401,PNSP
1402,KDSZSY
1403,QANDZSY
1404,DBSZSYFF
1405,FFBTMSZS
1406,BYSQWJBD
1407,BDNDQWJ
1408,YJPJPNL
1409,JPNLP
1410,PNSLP
1411,QHKDSP
1412,VMZLPJPN
1413,JPNLH
1414,JQLFZGJP
1415,DSMSLSNZ
1416,BBSNLZSY
1417,BSGTZSY
1418,STZCP
1419,JGTP
1420,DNZJN
1421,ATEJWSYS
1422,SYSGTJW
1423,HTTZSY
1424,CECZS
1425,NECCP
1426,JXCFP
1427,JQYTP
1428,JQYTZS
1429,JSQYTZSY
1430,JQYTJN
1431,JXCFZSY
1432,WSCECP
1433,BJLPWSCE
1434,MGSPCSJD
1435,JDYTP
1436,FFYEXTP
1437,MDOPFFYE
1438,GNAJN
1439,QYYXQCCP
1440,MFLPQYYX
1441,MTSJNCSJ
1442,JDYTJN
1443,NMTJNYSX
1444,YSXTJN
1445,CSCRG
1446,OWTRGCSC
1447,CECPCECH
1448,KLMPWSCE
1449,DQYTP
1450,DFTPDQYT
1451,RCXS
1452,QNTP
1453,MFSTP
1454,MSQLCP
1455,MFSTPFSY
1456,MSQLCPFS
1457,NWLRXJDB
1458,NHLRZSYB
1459,NHLRZSYS
1460,NRSWHCRY
1461,NHLNZSYB
1462,NNXJDBSW
1463,NRXSWHCR
1464,NHLRZSYB
1465,NSLRXJDB
1466,NHLRZSYB
1467,JDBXYDSZ
1468,YDSZSY
1469,GLQTPE
1470,DMKPGLQT
1471,GLKTP
1472,TSPPGLKT
1473,AKBTPH
1474,BTPPAKBT
1475,RGLNP
1476,NHLPRGLN
1477,BXPFGLBT
1478,FGLBTP
1479,EJSGPH
1480,GHZPYSEJ
1481,GLBQHSP
1482,QSHSPGLB
1483,GLBQP
1484,EJSGP
1485,MDKPYSEJ
1486,JBHDNP
1487,GLBNP
1488,YLXPBXML
1489,VMLSLGLT
1490,KFPTTYY
1491,YJTYMCRP
1492,YKCRPYJT
1493,YMLPGLMN
1494,GLMNP
1495,RYNKSPGL
1496,GLBQKSP
1497,VGLMNP
1498,JHLPGLMN
1499,ZXYDSZSY
1500,NHLNZSYJ
1501,NNJDBSWH
1502,PLSFZPTL
1503,PTLZN
1504,LSKMUPSC
1505,AMLZMCRP
1506,LSKMUPSC
1507,BHLMZS
1508,YBQZSY
1509,BHLMP
1510,CBHMP
1511,YBQP
1512,LBNMP
1513,QPLDJN
1514,TTFP
1515,BTSTZS
1516,KRTPLLTD
1517,LLTDP
1518,MZLHSPMZ
1519,MZSTHSP
1520,LLTDTJET
1521,KRTTJETY
1522,DLLTDP
1523,ELSPDLLT
1524,SGDP
1525,XNFSPYSX
1526,XTLQFS
1527,HWSRJNLL
1528,VLLTDJN
1529,VLLTDJN
1530,YBSTP
1531,KSTPYBST
1532,LBLZSY
1533,SGCJ
1534,BLDJNZSY
1535,NKSMZSY
1536,BLXTP
1537,VHLXTJN
1538,BMGZSY
1539,JLFZJN
1540,YYQJZS
1541,DKXPAMSQ
1542,AMSQLBXP
1543,DSTEAHSN
1544,YPLSP
1545,MNPYSYPL
1546,BSLFSPHL
1547,HLXTFSP
1548,ALXTZSY
1549,BQXZSYAL
1550,ZYLXTP
1551,KPLPZYLX
1552,ALXTJN
1553,OLNJNALX
1554,SHLQRY
1555,LBQZSY
1556,FNJP
1557,FPSDMLQX
1558,DLXPFPSD
1559,DSPP
1560,LBQP
1561,WSTPLPT
1562,LPTP
1563,LMPMP
1564,ANFNPYSL
1565,TSLP
1566,TSLHSP
1567,FPDCZSY
1568,PBSQZ
1569,NMSZSYZL
1570,WQZSY
1571,LBLZSY
1572,ZPLPADP
1573,ADPPH
1574,QZTP
1575,MSY
1576,ADPP
1577,XMPADP
1578,LBLPET
1579,AMTLP
1580,BLFP
1581,FXTJN
1582,BYJJNYSF
1583,LLPLLXP
1584,LLXPP
1585,FXTP
1586,KKPYSFXT
1587,SLTPYSPL
1588,PLXTP
1589,PJZP
1590,LTLPYSPJ
1591,DLXTCR
1592,XBDCRJNY
1593,VYSFXTFS
1594,BYJFSPYS
1595,LSMZSY
1596,BTYNP
1597,BWSNP
1598,DLDPKMXP
1599,KMXPPH
1600,KMXPP
1601,AKXPP
1602,QLPAKXP
1603,XYTP
1604,DBSJP
1605,MDBPDBSJ
1606,KZSDBKSP
1607,XNKSPKZS
1608,BHSP
1609,XYNKL
1610,SJNP
1611,SLJLP
1612,XLXPJHSP
1613,PGLTP
1614,PLKSP
1615,SFLPYSPL
1616,XSDMZ
1617,GWSP
1618,TLZLZS
1619,XBSDMP
1620,BWSNKFRY
1621,DBJKFRYE
1622,DBJHSPBW
1623,BWSNHSP
1624,DBJFZBWS
1625,BWSN
1626,TBZJN
1627,TTJNTBZ
1628,JBPDJN
1629,DLJNJBPD
1630,LMSQP
1631,LBTPLMSQ
1632,NGJTZSY
1633,KLXZSYNG
1634,SSJSZYZ
1635,EJFSS
1636,DTYSSJ
1637,SJYZSYGD
1638,KLAZSYMG
1639,VMLSGPQT
1640,ZGCYP
1641,ZCYP
1642,HSYP
1643,CYHSKL
1644,BHSSCKL
1645,BHSSCYP
1646,SJZSYDTY
1647,DTYSSJTS
1648,SJYZSYMG
1649,DTYSSJTS
1650,SJ
1651,GPQTZ
1652,MDBM
1653,JNTCRJNC
1654,BZTJNYCR
1655,SJSTP
1656,XJXP
1657,PTPYSAXS
1658,AXSP
1659,MSTZSYYS
1660,AXSZSY
1661,RTKFRYYS
1662,AXSKFRY
1663,PTWLP
1664,YXBGASJN
1665,YWSJNYXB
1666,FFGCP
1667,LBXEZKLY
1668,YFDYKFY
1669,FFLSKDYR
1670,LBZKLFFL
1671,XKCTJ
1672,FLSKLETY
1673,YXBGASKL
1674,YFJMNMTJ
1675,XKNTJYFJ
1676,ATSKFRYF
1677,FFFEKDKF
1678,KYTJ
1679,AFDYPI
1680,BNTPAFDY
1681,BBPLJN
1682,YXBGASZS
1683,ASXTZSYY
1684,HLZSY
1685,EQBCJZSY
1686,ACJZSY
1687,BKTLKF
1688,MPQKFRYE
1689,BKTLP
1690,MPQPYSBK
1691,SWXPDSCJ
1692,DSCJP
1693,CJHSP
1694,TBTLP
1695,BLKNPLST
1696,FFCJMHJP
1697,ACJP
1698,EQBCJP
1699,BLMSQW
1700,BKTQWJBS
1701,SDACXRQW
1702,WTLXRQWJ
1703,AQLQWJYB
1704,YBTXAQWJ
1705,FFRGDWY
1706,HQZSY
1707,JWBHW
1708,SFZSYFSY
1709,WFCP
1710,SYWSQP
1711,SYWSQPFS
1712,XSYWW
1713,NHSQW
1714,NHQWW
1715,NHQXW
1716,YJZSY
1717,FLKL
1718,BLGKL
1719,NHJDP
1720,NHJDW
1721,BLGKL
1722,TBTLZS
1723,MLSTNJJP
1724,SENJJPML
1725,AQLRYYBT
1726,YBTXARY
1727,SLDGFXRJ
1728,SMTLTKSF
1729,SLDGFXRJ
1730,SMTLTKSF
1731,WTLWHXRY
1732,SDACRY
1733,SENPMLST
1734,MLSTNP
1735,PMKLSXRH
1736,BDNDH
1737,HBZSY
1738,TBTLLHN
1739,SLHFXRJS
1740,STXAFXRJ
1741,SLDGFXRJ
1742,SMTLTKSF
1743,SLHFXRJH
1744,STXAFXRJ
1745,AMLZN
1746,LSKFZAML
1747,XMTDZSY
1748,FMTDPH
1749,GSDPFMTD
1750,SLBMPXMZ
1751,LTSMPXMZ
1752,DXPXMZLT
1753,VLBLZNCR
1754,BLTCRPLB
1755,VYSLNTDJ
1756,FFQYHLP
1757,TSQNP
1758,FFJSXSBP
1759,AKCRJNAM
1760,AMLZCRJN
1761,JYSBJJN
1762,LZDLJNGY
1763,LTLKFHXY
1764,HDKFHXYL
1765,LGAXAGLS
1766,MZLKLLGA
1767,SJWTJN
1768,ASMLZMCR
1769,NXCRPASM
1770,JTGJBJN
1771,GSDFZFMT
1772,FMTD
1773,DKPLCRJN
1774,LSLZCRJN
1775,LNTDZS
1776,LNTDP
1777,LSKFZFSY
1778,AMLZN
1779,AKCRJNFS
1780,ABTZSYXT
1781,KBZSY
1782,DKPLCRJN
1783,WUDQLJNX
1784,BFYP
1785,MFYP
1786,HPYP
1787,HPKL
1788,SCSYP
1789,CSYP
1790,SLGYP
1791,SLGKL
1792,AMLZMCRP
1793,XMTDJN
1794,LTZSYBAX
1795,BAXGAXAZ
1796,LTLP
1797,RGJHJJN
1798,DJSJNRGJ
1799,AWYJNXMZ
1800,TMNKCRPP
1801,VPTLZNCR
1802,JYSBJPTX
1803,ASMLZMCR
1804,NXCRPFSY
1805,VPTLZNCR
1806,TMNKCRPF
1807,PTLZN
1808,PLSFZFSY
1809,BAXGAXAZ
1810,LTZSYFSY
1811,FMTDP
1812,LBLZNCRJ
1813,JNCRJNLB
1814,LBLZNCRJ
1815,JNCRJNFS
1816,FFLSBPXM
1817,BNJNGYSB
1818,LSLZP
1819,LSLZPFSY
1820,PTLZNCRJ
1821,PTLZNCRJ
1822,VLBLZNCR
1823,BLTCRPFS
1824,LMJHXYXM
1825,ADHXYXMZ
1826,JYSBLNTD
1827,JDLPJYSB
1828,FFNNSPXM
1829,AMLZCRP
1830,AMLZCRPF
1831,QXPTP
1832,SQPQXPT
1833,VSQGJHJJ
1834,LZCLJNSQ
1835,RMSP
1836,GJMP
1837,MMAKLETY
1838,KCGJELHJ
1839,DJJNXMZF
1840,FFXHMJNX
1841,ZCSJNDYY
1842,DYYBGJHJ
1843,XEJWNKFY
1844,SMSP
1845,PFKJNSQG
1846,SQGJSLHJ
1847,XEHSWETY
1848,ZPHZS
1849,XPYEKL
1850,XEFXNPTK
1851,FFXHMJNE
1852,QHYMJNEX
1853,KCGJELHJ
1854,MCACRJNK
1855,DLDJZ
1856,SLDJZSY
1857,ATPZSY
1858,SLDJP
1859,WGYP
1860,WGKL
1861,ZZFYP
1862,DGSYP
1863,CLSQKL
1864,SQYP
1865,CSQYP
1866,SQKL
1867,JSQYP
1868,JQYP
1869,BPYP
1870,ECYP
1871,LXCKL
1872,FNBTJN
1873,PFTTNPFS
1874,SSCYP
1875,EBSCYP
1876,BZLKL
1877,BZLYP
1878,BJCYP
1879,BJCKL
1880,CPCYP
1881,CQCYP
1882,HMSYGJ
1883,AXLWDYY
1884,SHSKDSYG
1885,VLSATPYG
1886,BNKXNDYY
1887,FFTBKADY
1888,MDLDYYFF
1889,KDZYP
1890,LFZYP
1891,CLFZYP
1892,WBLXYP
1893,LXZYP
1894,WBLXKL
1895,SJZYP
1896,XRYP
1897,KXRKL
1898,SZRYP
1899,ZRYP
1900,CZRYP
1901,SZRKL
1902,LZHYP
1903,LZHKL
1904,JBLYP
1905,RDKKL
1906,CQZYP
1907,CQZKL
1908,MSKDKSPL
1909,AJP
1910,KDYZSY
1911,KDYP
1912,EQATFP
1913,RFTN
1914,RJ
1915,DRJTPTJM
1916,FTNTPTJM
1917,PTDZSY
1918,FTNTPTJF
1919,DRJTPTJF
1920,MFHSP
1921,MSKDHSPL
1922,QKTKSP
1923,ASKDKSPM
1924,FTNTPTJM
1925,DRJTPTJM
1926,FTNTPTJF
1927,DRJTPTJF
1928,QKTKSP
1929,ASKDKSPM
1930,PTDZSY
1931,PTDZSY
1932,BGQZSY
1933,BGQP
1934,DBNFP
1935,DXPZSY
1936,ASZLP
1937,XXPP
1938,DXPP
1939,LYXPMLSM
1940,MDZLP
1941,BBBTNZSY
1942,BBBTP
1943,LYXZSYMD
1944,MDZLZSY
1945,SZLP
1946,SNSPJSSZ
1947,ZBTP
1948,APZLP
1949,DMKHSPGL
1950,GLQTHSP
1951,QEQJNZPK
1952,ZPKLJN
1953,YNSHSJN
1954,WLFXHS
1955,SCPZPKL
1956,VZPKLP
1957,LXXPP
1958,ZLPLP
1959,G
1960,FTYPTZS
1961,CHZSY
1962,GMQRKLWT
1963,GMQRKL
1964,GMQRKLWT
1965,XECQQRKL
1966,SJGMP
1967,MTCRPXMZ
1968,FFAQMTCR
1969,FFLHJN
1970,VMRRCW
1971,QRRCKFY
1972,STQSJYEC
1973,JYECDXZS
1974,KLNPMLST
1975,TJSLP
1976,TBLJN
1977,MRRJN
1978,XMXWSKL
1979,FBFKLXMX
1980,JYECDXZS
1981,STQSFSYZ
1982,FFTSW
1983,XSHWW
1984,SLBZW
1985,YJBHW
1986,FZLZW
1987,SMZSYFSY
1988,SFZSY
1989,SMYDDCFD
1990,SMZSY
1991,BXKL
1992,BXYP
1993,CBXYP 
1994,CXKL
1995,CXYP
1996,ZXYP
1997,CHCYP
1998,CSLYP
1999,GJKL
2000,GJYP
2001,GZYP
2002,GJYP
2003,GJKL
2004,HLYP
2005,HLKL
2006,HHLYP
2007,JPYP
2008,LGYP
2009,LGKL
2010,GLJKL
2011,GLJYP
2012,LJYP
2013,QNJYP
2014,NJYP
2015,OJYP
2016,OJKL
2017,SGYP
2018,SGKL
2019,SYYP
2020,SYKL
2021,SMYP
2022,SMKL
2023,SCPYP
2024,CPYP
2025,SCPKL
2026,SJYP
2027,SJKL
2028,TFLYP
2029,TFLKL
2030,XMYP
2031,XMKL
2032,ZMYP
2033,ZMKL
2034,JBZYP
2035,DHTYP
2036,CJTYP
2037,GZTYP
2038,OJTYP
2039,OJTKL
2040,CBZKL
2041,CBZYP
2042,BZYP
2043,CZKL
2044,CZYP
2045,GSBYP
2046,GSBKL
2047,XFYP
2048,CXFKL
2049,EZYP
2050,EZKL
2051,HJYP
2052,HJKL
2053,YZKL
2054,YZYP
2055,JHYP
2056,ZGCKL
2057,ZYKL
2058,BQKL
2059,BQYP
2060,BWYP
2061,BWKL
2062,DDCKL
2063,DDCYP
2064,DCYP
2065,RDKYP
2066,RGYP
2067,WDNPJXSY
2068,DCG
2069,VLFPDYY
2070,LMSDYY
2071,NFSXDYY
2072,FFZLJZSY
2073,SLCYP
2074,SSGKL
2075,SSGYP
2076,SZSYP
2077,YQSYP
2078,DYQSKL
2079,YMSYP
2080,JCZKL
2081,JGCKL
2082,CSZYP
2083,CSZKLWX
2084,DCSKL
2085,DCSYP
2086,DLGYP
2087,DLGKL
2088,DZSYP
2089,DZSYP
2090,DZSKL
2091,DZSYYP
2092,HRSYP
2093,HSSYP
2094,JMSYP
2095,KFYP
2096,LGSYP
2097,QMSYP
2098,QMSKL
2099,YYLYP
2100,GQZYP
2101,GQZDWSY
2102,GQZDWSY
2103,GQZKL
2104,HDKYP
2105,HKYP
2106,HMRYP
2107,MRYP
2108,HMRKL
2109,JDLYP
2110,JYZYP
2111,JYZKL
2112,LQYP
2113,LQKL
2114,LLTYP
2115,MGYP
2116,MGKL
2117,MJZYP
2118,MJZKL
2119,CQPKL
2120,QPYP
2121,QGYP
2122,SRYP
2123,SRKL
2124,SCZYP
2125,SGLYP
2126,SDYYP
2127,SMYYP
2128,SSZYP
2129,SSZKL
2130,CYYRKL
2131,CYMYP
2132,CYYRYP
2133,CYYRDWSY
2134,CYYRDWSY
2135,SHHZYP
2136,XKCYP
2137,XKCKLMJ
2138,XYKL
2139,XYYP
2140,JLKL
2141,JLYP
2142,BJLYP
2143,CLZYP
2144,CLZKL
2145,CMYKL
2146,CMYYP
2147,SYMYP
2148,YYRYP
2149,YYRDWSY
2150,YYRDWSY
2151,YYRKL
2152,DYYP
2153,CDYYP
2154,CEZKL
2155,CEZYP
2156,CWZYP
2157,CSZYP
2158,GYYP
2159,CGYYP
2160,CGYKL
2161,CNBZKL
2162,NBZYP
2163,DLZYP
2164,ZSZKL
2165,CZSZKL
2166,ZSZYP
2167,SZYP
2168,ZZYP
2169,CZZYP
2170,CSZYP
2171,ZZKL
2172,JZZKL
2173,JMYYP
2174,JMYP
2175,JSZ
2176,JZ
2177,JSZKL
2178,JSX
2179,WMTYP
2180,QSYP
2181,QSKL
2182,YMXKL
2183,NDGKL
2184,CZSKL
2185,CZS
2186,ZSYP
2187,ZQYP
2188,CZQKL
2189,MQZFYP
2190,HJKL
2191,SZYYP
2192,SYRYP
2193,JYRKL
2194,WMKL
2195,WWZYP
2196,ZWWZYP
2197,WWZKL
2198,HLBKL
2199,BGZKL
2200,BGZYP
2201,XHXYP
2202,XHXKL
2203,YZRKL
2204,YZRYP
2205,GLKLC
2206,GLYP
2207,GLYP
2208,FPZYP
2209,FPZKL
2210,NZZYP
2211,NZZKL
2212,SSYP
2213,SSKL
2214,SZZYP
2215,WMYP
2216,SMKL
2217,WZYYP
2218,WYYP
2219,WZYKL
2220,HTRKL
2221,KZYP
2222,KZRYP
2223,KZKL
2224,HXMKL
2225,BGYP
2226,LHG
2227,BZRKL
2228,BZRYP
2229,BLKL
2230,BLYP
2231,CDKYP
2232,CKYP
2233,CXDYP
2234,SGCYP
2235,SCYP
2236,GCKLFA
2237,GSKL
2238,GS
2239,HZYP
2240,HZKL
2241,LDCYP
2242,LDCKL
2243,LKKL
2244,MHGKL
2245,MHGYP
2246,QCKL
2247,QCYP
2248,QHKL
2249,QHYP
2250,SQFKL
2251,SQMYP
2252,SQMDWSY
2253,SQMDWSY
2254,SDGYP
2255,SDGKL
2256,WLXYP
2257,WLXKL
2258,XXKL
2259,XXYP
2260,XCQYP
2261,QCTYP
2262,SDHYP
2263,SJYP
2264,JDHKL
2265,ZYYP
2266,ZZYYP
2267,SDCBY
2268,JSSJW
2269,JSLYW
2270,JSKYWXMZ
2271,VYXCZSY
2272,LDXGW
2273,ZBW
2274,SHLHP
2275,PDLXYKFY
2276,DKD
2277,SHW
2278,YXCSNP
2279,LQKFY
2280,SHP
2281,FFSHKLXM
2282,HLSQW
2283,XQNP
2284,XKCJNXMZ
2285,QRJDRJN
2286,CHDW
2287,HXZQRJN
2288,HXZQS
2289,SDS
2290,QRY
2291,RD
2292,HXZQPXMZ
2293,HXZQDW
2294,XQSLS
2295,RGS
2296,ZQFZJN
2297,NXTJN
2298,DXSYZRJN
2299,LXZJN
2300,DXSYZRJN
2301,LXZJNFSY
2302,RSGPW
2303,FFAJJ
2304,SHYGW
2305,SQKL
2306,LWDHWXMZ
2307,QJDHW
2308,QJDHKFY
2309,XKW
2310,GFDHJN
2311,LWDHJNXM
2312,ZBDHW
2313,JKSQW
2314,ELZCW
2315,ZQFZJNFS
2316,FFZFW
2317,FFZFWFSY
2318,XNKJN
2319,FFAJJFSY
2320,ZSSZNP
2321,ZSSZNZSY
2322,SQFZZSY
2323,SQFZZSYF
2324,ZYS
2325,NLQW
2326,ZRASY
2327,CWJZSY
2328,CWJP
2329,TWBXW
2330,WLJNXMZ
2331,VASBXW
2332,VQYSAP
2333,VBZYXP
2334,BZYXW
2335,BLMJN
2336,QKLKFY
2337,QKLZSY
2338,AGNHW
2339,AGNHWFSY
2340,QZWTKL
2341,WSKLDWTX
2342,GXSHJN
2343,VGXSHW
2344,GXNZSY
2345,SGW
2346,SGZTW
2347,JWXYW
2348,VCYW
2349,KXSQW
2350,DQP
2351,SXJXW
2352,YMCKL
2353,DSTJN
2354,SSYXJN
2355,SXTZSY
2356,SKJGP
2357,DAXXKJN
2358,XXNP
2359,HXTMJN
2360,YFNXP
2361,RPXP
2362,PXJN
2363,XJJN
2364,RJLKL
2365,DZXXZSYF
2366,DZXXZSY
2367,HTZZW
2368,JFKKL
2369,VDHZCJN
2370,DHLW
2371,FFGCSGPF
2372,MNPFSYZF
2373,DZHSP
2374,DDW
2375,FFDSDW
2376,FFDSP
2377,GXDSDW
2378,NXKDW
2379,XKSJN
2380,YNJNXMZ
2381,HYNP
2382,TXLJN
2383,GXNJN
2384,TDJN
2385,BLEJN
2386,NDKJN
2387,HSDYDJN
2388,XFZYKFY
2389,VSLXMKJN
2390,SXKFYDWT
2391,BZKL
2392,BLYP
2393,BTWKL
2394,BTWYP
2395,BLGYP
2396,BLGKLMJ
2397,BSSKL
2398,BSSYP
2399,SSYP
2400,SCZKL
2401,XDKL
2402,XDYP
2403,CDYP
2404,CSYP
2405,CSKL
2406,CHKL
2407,CHYP
2408,DHYP
2409,CNYYRJTP
2410,RGRJFSYZ
2411,HXDYP
2412,CXDDWSY
2413,CXDDWSY
2414,DKZYP
2415,HJSYP
2416,HJSKL
2417,HDYP
2418,QNZYP
2419,HCYP
2420,CQNZKL
2421,LZRYP
2422,LZKL
2423,PDHYP
2424,PDHKL
2425,QXZYP
2426,QXZKL
2427,TLZKL
2428,TRYP
2429,RXBDB
2430,BXPKL
2431,BXPYP
2432,TJPYP
2433,CJPYP
2434,GYHJ
2435,MHDYP
2436,YHDYP
2437,MHDKL
2438,LZXYP
2439,LZXKL
2440,BJZKL
2441,BJZYP
2442,CLFZKL
2443,CBBDKL
2444,BBDYP
2445,BDYP
2446,DGZYP
2447,DGRYP
2448,DGZKL
2449,JMZYP
2450,CJMYP
2451,JMZKL
2452,DHZCW
2453,SHDP
2454,XNXJN
2455,QLJN
2456,SXBXW
2457,LXJJNXMZ
2458,YNBYJN
2459,YNBYS
2460,VYNBYG
2461,TTKFY
2462,NHJYW
2463,YXQNKL
2464,FFLBMP
2465,QTMJN
2466,TMGTKL
2467,TDTLJN
2468,DTJN
2469,DSJN
2470,DLJN
2471,NGNKLWTX
2472,VSXPSKL
2473,RLQJN
2474,PSKLDWTX
2475,NDQKLDWT
2476,SJP
2477,FFEQJEDM
2478,BDJSJNFF
2479,XGDAS
2480,SMTDE
2481,VPSKL
2482,JTL
2483,SFDTW
2484,GCW
2485,HGGSYHJ
2486,GSYHJ
2487,JGQLP
2488,CBPPTJ
2489,FFGCKFRY
2490,XZLKFY
2491,JZTJ
2492,ZKJHW
2493,LYQFW
2494,FFXZLY
2495,VSJSTKFR
2496,XEQFKL
2497,ETQFKFYE
2498,ETQFW
2499,FFXZLY
2500,SJSTKFRY
2501,TXLFW
2502,TXLFKFY
2503,XQLKL
2504,MLCBPPG
2505,YLSYP
2506,YYLKL
2507,ZRTYP
2508,DZRTKL
2509,ZXTYP
2510,FLGYP
2511,MXYP
2512,PXYP
2513,JXCKL
2514,HSYP
2515,HSKL
2516,CTYP
2517,CYYP
2518,CTKL
2519,CSYP
2520,DLYP
2521,DLKL
2522,FFYP
2523,LFFYP
2524,FFKL
2525,CGJKL
2526,GJYP
2527,HFSYP
2528,HPXYP
2529,WZGYP
2530,HPSKL
2531,WZGKL
2532,SSJKL
2533,SSJYP
2534,SMLYP
2535,SMLKL
2536,SNJSYP
2537,SNJMYP
2538,SNJNSFKL
2539,ZZMYP
2540,ZZMKL
2541,LYJF
2542,LYJFDWSY
2543,LYJFDWSY
2544,BHSYP
2545,JNJYP
2546,NJYP
2547,CJNJKL
2548,JCKL
2549,JCYP
2550,BMYP
2551,BJYP
2552,ZBJYP
2553,CBJKL
2554,CSJKL
2555,SJZYP
2556,AJZDWSY
2557,SZYP
2558,ZSZYP
2559,SZKL
2560,CWPYP
2561,CWPKL
2562,XHW
2563,FFHZW
2564,XXW
2565,FFZCS
2566,XHWFSYZ
2567,DYHJW
2568,TNSXMZFF
2569,FFJCSZSX
2570,FFJCSZRG
2571,TNRGFFJC
2572,HCSZSY
2573,HCSZSYFS
2574,GJSZSYJP
2575,JPSZSY
2576,VGL
2577,MQ
2578,ZSYSML
2579,ZSYSML
2580,SYZYP
2581,SYZKL
2582,JHYP
2583,JHKL
2584,FKQJP
2585,HEKL
2586,VHXTMP
2587,DZHS
2588,BQJN
2589,NAJN
2590,GZFLJN
2591,GGSPTTZS
2592,HDGYP
2593,DZHSF
2594,HEKLFSYZ
2595,DYWRJN
2596,VSHDKL
2597,DQJNTMZA
2598,TMZAJN
2599,VDZHSZSY
2600,VDZHSZSY
2601,JJKL
2602,JJYP
2603,JBYP
2604,JSYP
2605,JQCYP
2606,JQCKL
2607,PGYYP
2608,PGYKL
2609,SJCYP
2610,TGCYP
2611,SJCKL
2612,LKYP
2613,LJNYP
2614,LJNKL
2615,ZMHKL
2616,BJC
2617,BJKLC
2618,BHKL
2619,BHYP
2620,CBMFKC
2621,CBMYP
2622,CBYP
2623,SCGKL
2624,SCGYP
2625,CGYP
2626,DXCYP
2627,DXCKL
2628,GZYP
2629,GZKL
2630,GTYP
2631,SGTYP
2632,HFTYP
2633,HFTKL
2634,HGYP
2635,HGKL
2636,LST
2637,MTYP
2638,MHYP
2639,SMHYP
2640,ZSGKL
2641,ZSGYP
2642,SGYP
2643,SHKL
2644,SHYP
2645,TCKL
2646,TBMYP
2647,TCYP
2648,ZXYP
2649,ZXKL
2650,ZBMKLC
2651,ZBMYP
2652,ZBYP
2653,EHSHYP
2654,SMHKL
2655,SLYP
2656,CSLKL
2657,YHYP
2658,ZYHYP
2659,RCRKL
2660,RCRYP
2661,DYYP
2662,ZRKL
2663,ZRYP
2664,ZMHYP
2665,TMKL
2666,TMYP
2667,XBYP
2668,XBKL
2669,DNXYP
2670,DXYP
2671,DNXKL
2672,FBXYP
2673,FBXKLC
2674,JBXKLC
2675,QBXYP
2676,QBXKLC
2677,AYYP
2678,AYKL
2679,DQYYP
2680,DQYKL
2681,FXYYP
2682,XYYP
2683,FXYKL
2684,GLYYP
2685,HYKL
2686,HYYP
2687,JYYP
2688,ZSYYP
2689,SYYP
2690,ZSYKL
2691,SYYP
2692,SYKL
2693,SWYP
2694,SWKL
2695,CBYYP
2696,CBYKL
2697,AYTKL
2698,AYTYP
2699,CBTYP
2700,BTYP
2701,CBTKL
2702,ZLTYP
2703,ZBTYP
2704,HYTYP
2705,ZPYYP
2706,PPYYP
2707,PYYP
2708,MPPYKL
2709,FZKL
2710,DXYP
2711,DXKLWZ
2712,DDHYP
2713,HHYP
2714,HHKL
2715,HHHYP
2716,YHHYP
2717,HHPKL
2718,JJSYP
2719,JSYP
2720,JHYP
2721,JHKL
2722,JLH
2723,JYHYP
2724,SHYP
2725,JYHKL
2726,KDHYP
2727,DHYP
2728,KDHKL
2729,LXHYP
2730,MMHKL
2731,MMHYP
2732,MGHYP
2733,MGHKL
2734,XLH
2735,PHKL
2736,SPHYP
2737,XYHYP
2738,XYHKL
2739,XFHYP
2740,XFHKL
2741,YJHKL
2742,ZJYP
2743,XHHYP
2744,ZHHYP
2745,XHHDWSY
2746,XHHDWSY
2747,HHYP
2748,CHHYP
2749,HHKL
2750,GBKL
2751,HHTYP
2752,JJSTYP
2753,JSTYP
2754,PHTKL
2755,PHTYP
2756,BDKKL
2757,DKYP
2758,BKYP
2759,LLTKL
2760,HACXNDYY
2761,TBMSDSMS
2762,DBSDYYTB
2763,VFFTBKAD
2764,BNKXDYYJ
2765,KLYDYYBN
2766,LSXDYY
2767,SMLED
2768,ZYMP
2769,HMTPY
2770,ZYFSXY
2771,JQYYNJYS
2772,KTLEDY
2773,MKLDYYYS
2774,AMDDYYFM
2775,YMSTD
2776,ZBNLED
2777,BTGDYYYS
2778,FLDPHSP
2779,VZSYDXSY
2780,PFFZDXSY
2781,VYSCXQPT
2782,WSLPYSQM
2783,HZW
2784,FFCHDPC
2785,CXLP
2786,NHQHW
2787,FFDQYHJ
2788,LJKFRY
2789,XYLDP
2790,DLCP
2791,QYW
2792,HSXSW
2793,SHLQYY
2794,SYSYY
2795,HRSYP
2796,CNXYP
2797,CNXKL
2798,DHYP
2799,SJYP
2800,CJYP
2801,DHKL
2802,MDPYP
2803,DPYP
2804,MDPKL
2805,DZKL
2806,DZYP
2807,YDZKL
2808,DGPYP
2809,DGPKL
2810,RGYP
2811,GGYP
2812,RGKLX
2813,HBYP
2814,HBKL
2815,HTPYP
2816,HTPKL
2817,HTKL
2818,HTYP
2819,KLPYP
2820,QPYP
2821,WJPYP
2822,WJPKL
2823,DZTYP
2824,DZTKL
2825,HBTYP
2826,SBPYP
2827,SPSYP
2828,SBPKL
2829,HPYP
2830,HPKL
2831,HJYP
2832,CJYP
2833,HJKL
2834,CPYP
2835,CPKL
2836,DFPYP
2837,DFPKL
2838,DGPYP
2839,JHYP
2840,JHKL
2841,JLYP
2842,JLKL
2843,CXFKL
2844,CXYP
2845,JXTYP
2846,JXTKL
2847,JXYP
2848,QFTYP
2849,RDTYP
2850,JYTYP
2851,SHTYP
2852,SMYP
2853,SMKL
2854,SJYP
2855,SZYP
2856,SZKL
2857,SWTYP
2858,YJTYP
2859,YJTKL
2860,TXYP
2861,TXKL
2862,ZJCYP
2863,ZCYP
2864,ZJCKL
2865,FSYP
2866,FSKL
2867,HZKLA
2868,HZYP
2869,KBYP
2870,KBKL
2871,LZYP
2872,LZKL
2873,ZLKL
2874,ZLYP
2875,FLKL
2876,FLYP
2877,YLYP
2878,FLPYP
2879,FLPKL
2880,BXKL
2881,BXYP
2882,BHKL
2883,BHYP
2884,SJSYP
2885,JSYP
2886,SJSKL
2887,MZYP
2888,MZCYP
2889,MCXYP
2890,MCXKL
2891,MBCYP
2892,PLYP
2893,PLKL
2894,QHYP
2895,QHKL
2896,QMYP
2897,QMKL
2898,TXTYP
2899,XXC
2900,XXCKL
2901,XHCKL
2902,XHCYP
2903,XJYP
2904,XJKL
2905,DJKL
2906,XRYP
2907,YMCKLMJ
2908,YMCYP
2909,KCYP
2910,YCKL
2911,YCYP
2912,YXCKLMJ
2913,YXCYP
2914,ZYYP
2915,DZYYP
2916,DZYKL
2917,ZLKL
2918,ZLYP
2919,XJTYP
2920,YYHYP
2921,XLPYP
2922,YYHKL
2923,QDYP
2924,TZHYP
2925,XJYP
2926,RXYP
2927,RXKL
2928,MYYP
2929,MYKL
2930,RSKL
2931,SYKL
2932,HZMKL
2933,YYQFW
2934,YYQFTJ
2935,JSBJNFSY
2936,JZKSTCW
2937,BLJN
2938,BLJNFSYZ
2939,JSBJN
2940,XEZBWETY
2941,MLKFY
2942,LWAXJN
2943,XSW
2944,MLD
2945,SMTKFY
2946,BHW
2947,VBEKSJ
2948,VTRWJBFW
2949,DGJGP
2950,WJBFW
2951,DGBXW
2952,BZKL
2953,AKKL
2954,KBW
2955,XGSRHP
2956,JSZHP
2957,XDDHP
2958,HSPXDD
2959,JGY
2960,XGSPJ
2961,GLXGSPJ
2962,HDW
2963,RYJHS
2964,ATPM
2965,SGLKL
2966,BBYP
2967,CGYP
2968,DFZYP
2969,DFZKL
2970,HZYP
2971,DZYP
2972,DZDWSY
2973,DZDWSY
2974,DZKL
2975,FXMYP
2976,FXMKL
2977,FSYP
2978,FSKL
2979,BSYP
2980,SBSYP
2981,BZYP
2982,TLZYP
2983,TSZYP
2984,TSZKL
2985,YLRYP
2986,YLRKL
2987,DSYP
2988,DSKLMJ
2989,GCYP
2990,SGCP
2991,WSSBSP
2992,ATSP
2993,JGZSY
2994,CZRLXBCJ
2995,HEXZSYCZ
2996,LKMZSYCZ
2997,LSMF
2998,LSXZSY
2999,MHJYY
3000,LBNMY
3001,PSYY
3002,HJYY
3003,QYHNAR
3004,SHLYY
3005,LJDYY
3006,YHXYY
3007,ZNYY
3008,LMSYY
3009,PSYY
3010,BZXAYY
3011,DYY
3012,TSQNYY
3013,DHJYY
3014,YZSYY
3015,QBYZYY
3016,SYCAAR
3017,QPSLD
3018,YMZYY
3019,QYHAAR
3020,JJXWS
3021,BHLMYY
3022,HHZFSGYZ
3023,GMSJWYP
3024,NSYY
3025,JJGY
3026,DFYY
3027,DTJ
3028,HFSLYY
3029,BFSLYY
3030,GYYY
3031,BFAR
3032,YGYYY
3033,YZSLYY
3034,BFYY
3035,MJYTSL
3036,FTNZS
3037,PTDZSY
3038,MFZSY
3039,MFKSP
3040,KDPRSFTT
3041,PLGPPFTT
3042,PFTTNPH
3043,BSTPXLFT
3044,XLFTTNP
3045,LPZJNFNB
3046,VCZRHXBS
3047,CZRLXBCJ
3048,XLSZSYCZ
3049,VJLFZSYC
3050,CZRLXBCJ
3051,HEXZSYFC
3052,VJLFZSYF
3053,XLSZSYFS
3054,CZRLXBCJ
3055,LKMZSYFS
3056,VCZRHXBS
3057,SXXBJN
3058,LBDTZSY
3059,VXNXQDBT
3060,VAADZSYX
3061,TELFZCZR
3062,CZRLXBJX
3063,TELFZFSY
3064,CZRLXJS
3065,FDHFZLSF
3066,FDLB
3067,YMTNJ
3068,GLWJNJHS
3069,LYJZSYCZ
3070,CZRLXBCJ
3071,CZRLXBCJ
3072,LYJZSYFS
3073,DYSBP
3074,AZGLNZSY
3075,QKLDZSY
3076,XZTTYEH
3077,QKLDP
3078,VQKLDNDB
3079,PLDZSYQK
3080,PTTZSYML
3081,PTTZSYML
3082,VPTTZSY
3083,PTTZSYML
3084,LHGZSY
3085,PTTZSYRB
3086,PTTZSYRB
3087,PTTZSYML
3088,GTZSY
3089,FFRSNPTT
3090,LHNZSY
3091,ZHTDXZZS
3092,TLZSYZHT
3093,TSQNZSYM
3094,NLHNZSY
3095,TSQNZSYM
3096,JYSJRY
3097,LHJRY
3098,PTTSGKFR
3099,PTTSXKFR
3100,LHJHSP
3101,PTTSGP
3102,KFBYYE
3103,YXSNP
3104,PTTLHNZS
3105,FFLHNZSY
3106,JYSJKL
3107,LHNZSYML
3108,RSNLGZSY
3109,STYP
3110,WSSKL
3111,WSSYP
3112,WSYP
3113,WLZYP
3114,WLZKL
3115,QXYP
3116,QCYP
3117,DMLYP
3118,HGYP
3119,DHGYP
3120,DWLZKL
3121,WLZYP
3122,XYTKL
3123,XYTYP
3124,LJPYP
3125,SPXYP
3126,SPXKL
3127,WBZYP
3128,WBZKL
3129,GJJ
3130,GJJDWSY
3131,GJJDWSY
3132,TBC
3133,TY
3134,TBCKL
3135,AJKL
3136,AJYP
3137,AJDWSY
3138,AJDWSY
3139,LJS
3140,LJSKL
3141,LJJ
3142,SSP
3143,ASPPBJDZ
3144,DZSTPBJ
3145,LMBYNJJ
3146,BYQDKL
3147,FFYGYDBY
3148,LMSXDEY
3149,DGY
3150,LJDJXZSK
3151,VSGJLKQG
3152,FFPSSKP
3153,YKTCSDSM
3154,DSMSNT
3155,KZCP
3156,YZNPKZC
3157,FFLJDHSY
3158,VYKNJN
3159,NQNXY
3160,LBDTZSYF
3161,AJHSZSY
3162,XWDBNHJ
3163,HGLSWYDG
3164,XEKFGH
3165,ALSRGKSM
3166,KSMMSRG
3167,AMLFCJ
3168,KCYCJ
3169,WASP
3170,JXGSRG
3171,FYRGJXGS
3172,NSGYRG
3173,QANDYKZR
3174,PRSRGQAN
3175,SBQBRG
3176,GYZYXJ
3177,FFNSDZRG
3178,BTRGFFNS
3179,DLSRGKBS
3180,KBSCRG
3181,KBSCCJ
3182,DLS
3183,FQRYLBBZ
3184,LBBZRY
3185,LBBZRG
3186,MKRGLBBZ
3187,FXDSRG
3188,ALRGFXDS
3189,WAZJN
3190,PSXJ
3191,XESXJELH
3192,ELHXXJ
3193,FYKLDWTX
3194,YXL
3195,CZRGRSAB
3196,LYMRGCZR
3197,TBNFRG
3198,BDFJN
3199,NDTRG
3200,ZSSSG
3201,GQZSYFFG
3202,FFGTZSY
3203,FFZCY
3204,MPLXRG
3205,BDBRGMPL
3206,GT
3207,XRFFZFSY
3208,GPG
3209,BLXKRG
3210,SXZGG
3211,BLXKTP
3212,GGTQWZSY
3213,ZSRGXMZ
3214,ZGS
3215,BYFRGSYC
3216,SYCARG
3217,DPFRG
3218,LMSRG
3219,ANRGLMS
3220,DSQHKDSR
3221,YZERGDSQ
3222,HBTARG
3223,HLRGHBTA
3224,WASRG
3225,MKZRG
3226,DKNRGXSM
3227,FFCSDSMS
3228,PYPRGFFC
3229,WJG
3230,LRG
3231,PSRG
3232,SYSRG
3233,YGYRG
3234,YHXRG
3235,KMZRG
3236,QLY
3237,WSSBLRG
3238,YSZRG
3239,MLNZSY
3240,LSJSN
3241,RAJZSYFS
3242,GTELSNZS
3243,DNPQP
3244,ALSPYSDN
3245,CCXTZSY
3246,RTZSYCCX
3247,MSLPJHSB
3248,BTSTP
3249,YXGXAZSY
3250,TSMP
3251,BTSTZ
3252,VYXYP
3253,BWHZSYGT
3254,GTELSNZS
3255,YDLFZSY
3256,BCZSYYDL
3257,FGLQJN
3258,SXNZSY
3259,ZKNTZSY
3260,LKZSYZKN
3261,DGDEZS
3262,YXYJN
3263,GTELSNZS
3264,BWHZSYFS
3265,NDBSJWZS
3266,SPSZSYND
3267,XSTZSY
3268,YXGXA
3269,ALXYX
3270,BBDEHSP
3271,TSDHSPBB
3272,ZKNTKFRY
3273,DWLKFRYZ
3274,FSMZSY
3275,BMTNZSY
3276,LNZP
3277,YXZAP
3278,BMTNP
3279,ABDDP
3280,FSMP
3281,QLSQP
3282,LNHJ
3283,TSNZSYTL
3284,TLSMZSY
3285,LZJNTLSM
3286,TLSMJN
3287,GLCZSY
3288,GLCZSY
3289,QAJYSP
3290,MNPCSQAJ
3291,FNXAPH
3292,BLZPFNXA
3293,PSTP
3294,SNTPPST
3295,APLTP
3296,AWSPQP
3297,BSKPAWSP
3298,PLAP
3299,DHTSQNP
3300,WAKPXDNF
3301,XDNFP
3302,LBSJN
3303,TSLXHS
3304,HLHSJNYS
3305,MSNPYSTL
3306,TLZQP
3307,MSNPFSYZ
3308,TLZQPF
3309,LWKPYSHT
3310,HTPZP
3311,FNXAPFSY
3312,BLZPFSYZ
3313,SNTPJSST
3314,TTLDP
3315,LJTLJN
3316,NMTJN
3317,VFNXAJN
3318,VFNXAJNF
3319,APLTPFSY
3320,PSTPFSYZ
3321,SNTPFSYZ
3322,TSLXHS
3323,HLHSJNFS
3324,KDHKSPJH
3325,DSZQKSP
3326,DSZQK
3327,KDHKSPFS
3328,ZGLSJN
3329,FNXAP
3330,FNXAPFSY
3331,SBCY
3332,SKZSY
3333,LZXFZXNM
3334,XNM
3335,BQTFZXNM
3336,AJJSZSY
3337,AJBSZSY
3338,SSXSZZSY
3339,FHYAZSY
3340,WSSKZSY
3341,YLSQNJNK
3342,JNQKP
3343,WSSKPCSJ
3344,SSXSZP
3345,MJHM
3346,KLHN
3347,NXMDGF
3348,YJDBZS
3349,RNXMYFHW
3350,KSNFZRNX
3351,RXWDBY
3352,KSNFZFSY
3353,RNXMYFHW
3354,RXWDBYFS
3355,EYXAY
3356,NXYZQ
3357,CSXY
3358,QMSNZSY
3359,CSDM
3360,CSZCY
3361,ABPETYB
3362,CSHC
3363,BYSGP
3364,CSHC
3365,AMXLJN
3366,FDLB
3367,FDHFZFSY
3368,NJM
3369,JXMZSY
3370,SEZSYJXM
3371,GSNZSY
3372,DBTRJN
3373,EBPRJNDB
3374,SLPDP
3375,DKLDPYSS
3376,VBLKJNYJ
3377,JYSNZ
3378,SKTFZCZL
3379,CZLJM
3380,HFLNP
3381,KSZSYQLD
3382,QLDEZSY
3383,VQZZSYDF
3384,BQMZSY
3385,CSQMS
3386,CSQMS
3387,BTPTEST
3388,RXBDBTEST
3389,RXBDBTEST
3390,BTPTEST
3391,DLDFZSYB
3392,NJMFSYZ
3393,CZLJM
3394,SKTFZFSY
3395,XLTZP
3396,PDPXLTZ
3397,ATLFZATP
3398,QLDE
3399,JPLZSYDF
3400,DFZGSNZS
3401,JGLHNZSY
3402,SBLZSYDF
3403,DFZGSGZS
3404,ATPMF
3405,ATLFZFSY
3406,KSZSYDFZ
3407,DFZGSNZS
3408,BACRJNYJ
3409,YJMCRJN
3410,VYJMCRP
3411,DGSNZSY
3412,FAMZSYDG
3413,NJM
3414,NJMFSYZ
3415,MXKJN
3416,YRKL
3417,KLKYR
3418,XRM
3419,PSFRMYQD
3420,RSYPZSYP
3421,JHJSCDBY
3422,KJJDTHSZ
3423,SQKZSYKJ
3424,KJJCDBYS
3425,VLSATPYY
3426,BHNYY
3427,MGYXJY
3428,BJSYY
3429,LSMYY
3430,DKYZSY
3431,FNXLYY
3432,VGMSJWYS
3433,HSFYY
3434,HXTZSY
3435,XJEMRYBZ
3436,BZXARY
3437,JYSJYY
3438,JYSNYY
3439,LGSYY
3440,LHGZSY
3441,LHJYY
3442,LHMZSY
3443,PLGPFSYZ
3444,XFTTFSP
3445,XKFSPXFT
3446,XKFSPFSY
3447,XFTTFSPF
3448,XFTTPFSY
3449,SJZPFSYZ
3450,VXFTTPFS
3451,JFLQJN
3452,VXFTTJN
3453,XLJNXFTT
3454,VXFTTJNF
3455,XLJNFSYZ
3456,MBLZPPFT
3457,PFTTNPJ
3458,PFTTNPFS
3459,MBLZPFSY
3460,ZLPPLBK
3461,PLBKP
3462,PLBKPFSY
3463,ZLPPLBKF
3464,YJJNATFT
3465,VATFTTGJ
3466,ATFTTGP
3467,LPTPATFT
3468,VATFTTGJ
3469,YJJNFSYZ
3470,ATFTTGPF
3471,LPTPFSYZ
3472,CTPPLBK
3473,VPLBKPG
3474,VPLBKPFS
3475,CTPFSYZP
3476,GLQP
3477,FGLQJN
3478,XBLJNYSF
3479,BLXTZSY
3480,GYGTZSY
3481,RAJZSYGT
3482,GTELSNZS
3483,YXDMZSY
3484,YXYTQWZS
3485,JNDZSYYX
3486,XBSSC
3487,MTNFZQYZ
3488,QYZGN
3489,XNJZSY
3490,XSTZSY
3491,YXYTQWP
3492,JNDPYXYT
3493,KNLKLFFL
3494,FFLASKL
3495,BTSTP
3496,MJGP
3497,YBSPSSJJ
3498,LSBKFYMJ
3499,MJYTKFYK
3500,GTELSNKF
3501,RAJKFRYG
3502,HHZSY
3503,EQMJJ
3504,SYPPSSJJ
3505,SSJJP
3506,DGDEHS
3507,WLTPMLZZ
3508,MLZZTQWP
3509,FFQANDRG
3510,FFTKZRG
3511,BFKS
3512,PFKXY
3513,FFLJDP
3514,KEXYZYPJ
3515,CLJDD
3516,LLD
3517,FFTJPDXM
3518,LGSXJ
3519,FFLXJ
3520,XEKFGH
3521,QANDXMST
3522,FJNTGQAN
3523,SYSBFTG
3524,XTLQP
3525,XKWPYSXT
3526,JDSSG
3527,XLTRGDHS
3528,GYBJXNJ
3529,BSNJGYBJ
3530,MNDERY
3531,DFXRYMND
3532,MKMTRG
3533,ADLRGMKM
3534,FFSSNJJ
3535,QANDNSRG
3536,YKZPJ
3537,LSDG
3538,XBDPHSPD
3539,NFDHSPXB
3540,CSYL
3541,CNYYRJTP
3542,RDRJFSYZ
3543,KYQKL
3544,FFPSRY
3545,DBEYFFPS
3546,SGSZSY
3547,CTHYZSY
3548,TBLP
3549,LWAPTBL
3550,AGZXKL
3551,BGZXKL
3552,FSDSFFJX
3553,FFJXZS
3554,KQLJZSFS
3555,KYSFSYZK
3556,KYSKQLJZ
3557,KQLJZS
3558,ZMJSYDPT
3559,CZRGRSAA
3560,SRSCZRGR
3561,FFCJNFFJ
3562,FFJQYTJN
3563,FFJQYTJN
3564,FFCJNFSY
3565,JGTJN
3566,DKNYDRJN
3567,MKZYDR
3568,NJJN
3569,CJSRG
3570,BBG
3571,LCXYXJ
3572,ZMLPTP
3573,FJCJ
3574,KFXYS
3575,FFLJDS
3576,CZRGRSAB
3577,ADFSCZRG
3578,JHCJSYDR
3579,BMLYDRGJ
3580,JGTTJ
3581,ZQNYTGNJ
3582,MYLGNJYX
3583,SKNJJ
3584,VKMZSJ
3585,NJPXMZ
3586,KMZYDP
3587,KNTYDPKM
3588,LKNDPLCX
3589,KBJYDPLK
3590,FFLJLDZS
3591,YJLZSY
3592,NLTZSY
3593,SNZSYYSN
3594,FMXNZSY
3595,FMXNZSYF
3596,SNZSYFSY
3597,NLTZSY
3598,LDLSNZSY
3599,LJLDZSY
3600,AXTPYYT
3601,YYTP
3602,JDSSYP
3603,FMTXYRSY
3604,FMTXYRSY
3605,EQBHNZSY
3606,JHBYXNS
3607,VBLZT
3608,NHZG
3609,VKXJN
3610,DHJKFY
3611,VFFDRY
3612,FFDRY
3613,YDSZSBZT
3614,YB
3615,LLZLHDP
3616,YGYSNZSY
3617,DHCZSYML
3618,ONPKZSYM
3619,FFFYPAZS
3620,DHYZSY
3621,DFSP
3622,LSBEXGHX
3623,DPLAZSY
3624,YWXZSYDP
3625,FYPAZSY
3626,GHG
3627,XMTDP
3628,TWMPXMTD
3629,CS
3630,CESHI
3631,JXZZSY
3632,GPSPAZSY
3633,VDHCZSY
3634,OSZSYDHC
3635,ASLZSYGD
3636,DFCZSYG
3637,ONYZSYML
3638,GSAZSYML
3639,DBCZSY
3640,GSAZSYML
3641,ONYZSYML
3642,LSBAXH
3643,LSBAXH
3644,YDJL
3645,DHCZSYML
3646,ONPKZSYM
3647,DKSCZSY
3648,WSPKZSYD
3649,DFCZSYG
3650,ASLZSYGD
3651,YGSNZSY
3652,LFHLWP
3653,SNWWP
3654,FELYMLXX
3655,VLXXGMBD
3656,VFFSJNCR
3657,NMYQJDTY
3658,LNYMACQ
3659,DGJXGYJD
3660,PSFKDS
3661,QYJDFLHN
3662,YXTGPTTZ
3663,QYJDFLHN
3664,RMYQDB
3665,RXBDBFSY
3666,RMYQDB
3667,RMYQDB
3668,RSJBFZDG
3669,SHPTTLHN
3670,YXGYRMYQ
3671,WWZSYQYJ
3672,QYJDFLHN
3673,RMYQDB
3674,RMYQDB
3675,JLSZSYHP
3676,HPXMJZSY
3677,RXBDBJ
3678,RMYQDB
3679,RSJBFZFS
3680,VYBAZSYI
3681,WSSBZSY
3682,FFLSYTHS
3683,VFMSYTJJ
3684,VAEKJJPF
3685,YSPMG
3686,SLFPHPSY
3687,HPSYTP
3688,VCZRHXBS
3689,JMXZSYIU
3690,CZRCHS
3691,CZRCHS
3692,JMXZSYIU
3693,YSPMG
3694,LXBZSYCZ
3695,CZRCHSZ
3696,LXBZSYFS
3697,CZRCHSZ
3698,HYDJNDTT
3699,DTTJN
3700,XGGA
3701,ZTTZSY
3702,YXTGTKFY
3703,MTNP
3704,JMXZSYIU
3705,CZRCHS
3706,JMXZSYIU
3707,CZRCHS
3708,XBAP
3709,LKJP
3710,VRSNZSY
3711,BMLAZSYF
3712,FFDJZZSY
3713,CZRBPSCY
3714,JYT
3715,BZSTQWJ
3716,KFXY
3717,DFXDY
3718,LSMRYDNF
3719,LSMRY
3720,HTLRYJ
3721,FNXLRY
3722,GYHQRY
3723,ZNX
3724,SLFSEYAR
3725,FTLRJJSL
3726,XTTG
3727,BZLAT
3728,CKT
3729,SXZGG
3730,GJZTG
3731,SSZTG
3732,SLLHNRY
3733,FFSSD
3734,JZRY
3735,GT
3736,XRFFZGT
3737,WYCZRJXC
3738,FJFWYCZR
3739,FFLDKY
3740,KZPZSY
3741,ZSYSML
3742,ZSYSML
3743,WSYCAR
3744,SLJWAR
3745,ASAR
3746,EJBAR
3747,YSRYAR
3748,VQLSCQWJ
3749,YC
3750,JJYC
3751,VSSXDY
3752,DD
3753,FFBFRY
3754,QXXDYFFB
3755,YXSNYY
3756,QYHJAR
3757,SDJWAR
3758,DFAR
3759,WEQXDJ
3760,DJJQAR
3761,LSQENAR
3762,LSEQJAR
3763,YWCAR
3764,LDSWQWJ
3765,BYSAR
3766,JZSPXDJ
3767,YLLXDJ
3768,VGFSZ
3769,VJMSZ
3770,GYYSABY
3771,JZSPSXDJ
3772,SBBKL
3773,QHKL
3774,MHQKL
3775,BSKL
3776,FYJ
3777,XYXSYG
3778,LKSRGPXL
3779,PXLWRG
3780,XEKFGH
3781,YHXXJ
3782,QASSNSRG
3783,XLDDYYFF
3784,FFMDFGDY
3785,PLDAZSY
3786,AXSPH
3787,PTTZSY25
3788,HXZTJN
3789,TBKLJN
3790,CSYP4
3791,PTDP
3792,CSCY
3793,LY
3794,QFXYW
3795,PTTTYHGS
3796,LFP
3797,CSSC
3798,FNKL
3799,HGS
3800,FQZP
3801,QMTQPH
3802,XSGYTP
3803,KDZZSY
3804,TLFBLH
3805,XWNZSYYS
3806,XSGYQWJ
3807,BQLSNP
3808,DNPBQLSN
3809,LXDPP
3810,SLPPLXDP
3811,TXQZSYTM
3812,TMSZSY
3813,DXSYSLZZ
3814,XKZSYDXS
3815,QMTQP
3816,ZMQPTP
3817,TSPZMQPT
3818,DHZSY
3819,QLBGLP
3820,TJPLSQLB
3821,VLXDZSYY
3822,XPN
3823,LXPZSY
3824,LQDZSYJH
3825,FTLMZSY
3826,KTPLPH
3827,KBTPKTPL
3828,KTPLP
3829,YNPLP
3830,LNPLP
3831,JCRPLNPL
3832,BNPLP
3833,LTXPYSBN
3834,VYDPAPJ
3835,YDPAP
3836,LHPFFLXP
3837,FFLXPABD
3838,WLDEHSP
3839,FFLXPP
3840,DBZP
3841,WLDEJN
3842,NQDPP
3843,NMDPP
3844,XSTFSP
3845,PXFSPXST
3846,ALDPP
3847,LHXPBHSA
3848,SMTRJNNQ
3849,NQDPRJN
3850,LSTJP
3851,KSYPLSTJ
3852,BSPFMSBS
3853,BSLEP
3854,KWDLP
3855,JLPKWDL
3856,EBSTFSP
3857,YNDPMLSY
3858,VMLSYNPL
3859,YYDZSYYS
3860,WLDEZS
3861,TLJNYSTL
3862,TLZQJN
3863,DLQPMGKW
3864,VKWDLPMG
3865,KDSTZP
3866,WEYPKDST
3867,XSTJN
3868,DWJNXST
3869,WLDEZS
3870,YYDZSYFS
3871,ALDPJ
3872,PNJNBHSA
3873,ALZSYYSA
3874,ASLEZS
3875,MNPFXPLN
3876,FXPLNP
3877,BSLEQLSQ
3878,NSPBSLEQ
3879,YSDPPDPL
3880,PDPLP
3881,NCLHSPYD
3882,YDPAHSP
3883,HJYPLSTJ
3884,LSTJQLSQ
3885,SHDPBHSZ
3886,ZXALDP
3887,YPSPXLPL
3888,XLPLP
3889,PEZSYYSN
3890,NKDPZS
3891,EBSTQLSQ
3892,ABNPEBST
3893,NMTZSYNM
3894,NMDPZSY
3895,FLDPP
3896,LHEDPFLD
3897,DLQPMGKW
3898,VKWDLPMG
3899,TLZQJN
3900,TLJNFSYZ
3901,EBSTP
3902,ABWPEBST
3903,VFLDPHSP
3904,EBSTQLSQ
3905,DBFDAZ
3906,JQAZ
3907,QJSS
3908,YBSSXS
3909,SSXSZS
3910,DBAZSY
3911,QYSSXS
3912,GTPYSMDJ
3913,MDJP
3914,YSJZSY
3915,YSP
3916,DFNDP
3917,RPTHSPJT
3918,JTKKJHSP
3919,SEMPNMJL
3920,NMJLP
3921,XDZPJHSS
3922,SQMJDJ
3923,KDY
3924,HLS
3925,YSZSY
3926,NMJL
3927,XFTTPH
3928,SJZPXFTT
3929,JCYSZP
3930,WSSEYSZJ
3931,ZKJN
3932,JGLZGJN
3933,RSFTTGP
3934,LKFDYYJY
3935,JYXCDYY
3936,PLBDYYFF
3937,FFXMSDYY
3938,XLRDYYQT
3939,QTGDYY
3940,DKYDYY
3941,ZRDYYXSM
3942,MGYXJDY
3943,TBMSDYY
3944,TBSDYYTB
3945,JMSYG
3946,RGSDYY
3947,RELDYYLS
3948,BMQLSDYY
3949,LMGDYYBM
3950,ALDYYXMZ
3951,BLSNDYYX
3952,WLTPLLZL
3953,LLZLDP
3954,TKMSRG01
3955,AMXLSM
3956,AJZYP
3957,AJZDWSY
3958,FZWH2
3959,CSYP1
3960,CSYP2
3961,CSYP3
3962,TBKLHSP
3963,B12
3964,ZYFSXDYY
3965,PTTZSY20
3966,PTTSGZSY
3967,DLD
3968,KDSDYJ
3969,AXLWP
3970,CSYW
3971,YHKLWT
3972,DLDMZ
3973,GMQRCJ
3974,LHNZSY10
3975,RSZYFSXDYY
3976,HMSYYG
3977,ASPLCRP
3978,AXMSJN
3979,YPJNAXMS
3980,PLXLN
3981,TBKLPTP
3982,LHJZSY
3983,LHNZSY
3984,LHNZSY9
3985,XSMFZAQM
3986,AQMSJ
3987,ZHHY
3988,YJHYP
3989,ZSCZSYFS
3990,SJJYW
3991,ZKJN
3992,WEV
3993,QYKKY
3994,GBYP
3995,ZGBYP
3996,ZTHJN
3997,CSQMS
3998,SXDY
3999,YYYY
4000,ASLBF
4001,AHFZFSYZ
4002,AMKXZSY
4003,WERWER
4004,KLTZSY
4005,GMRJN
4006,SDS
4007,KLMSJN
4008,CSYQMSN
4009,AMXLP
4010,YXSFJN
4011,QMSNZSY
4012,SDACP
4013,QYKKYZJ
4014,SDACP
4015,AQMSPH
4016,AQMSPSP
4017,LJSNLHNZ
4018,AMXLFSP
4019,LPLKY
4020,WSSER
4021,MFP
4022,QYDW
4023,AMXLKLWS
4024,QMSPSJ
4025,NMDPPH
4026,QMS
4027,QMSKL
4028,XZKJN
4029,SHLKFY
4030,DTXCNYYJ
4031,WCYQP
4032,LHNZSYRB
4033,CSAMXL
4034,BPSFJDTX
4035,TESTQMS
4036,PLKPDYY
4037,QYAQMS
4038,SJJXWSND
4039,XLWDYYSJ
4040,AFGDYYJS
4041,XMNDD
4042,ZZMMDYY
4043,VCZRGRSA
4044,VADFDYYC
4045,SZMMDYY
4046,LBZFKDYY
4047,ZYFSXDYY
4048,NMWDYY
4049,AWDDYYNM
4050,LTQLSDYY
4051,SLDDYYLT
4052,STLDYYQY
4053,QYYDHSGD
4054,YATZSY
4055,AXRDD
4056,HLAXR
4057,DBSYGTBM
4058,TBMSDSMS
4059,HMSRG
4060,SGSNDYY
4061,YFSXDYY
4062,PLLFDYY
4063,PNPLDYYP
4064,BLTDYYCS
4065,PNSLDY
4066,BLZADYY
4067,PLMDYYBL
4068,ZYFSXDYY
4069,KLBTDYYZ
4070,FMLDYY
4071,FMTDYYFM
4072,ATPYYNJ
4073,DSYYNJLS
4074,BFGY
4075,FMDBYPTX
4076,LMSDEY
4077,PSJJ
4078,YFSXDEY
4079,TLBTDEYY
4080,FFBHNDBY
4081,DNY
4082,QBBYP
4083,BYKP
4084,SLHFS
4085,PSGYDEY
4086,BYSKFY
4087,LNKTBPWJ
4088,BDNDBPWJ
4089,SGSNQWJ
4090,YSKQWJ
4091,NSNPBJKS
4092,KSMMSBPW
4093,BYNJN
4094,BMDBY
4095,FMDBYPWX
4096,FFBHNDBY
4097,XQKLWTXM
4098,BDYKFY
4099,JHJPWJ
4100,BYP
4101,BYTQKL
4102,DTBYS
4103,LYLP
